{
  "experiment":[
    {
      "statistic":[
        {
          "0":5000,
          "1":4999,
          "2":5000,
          "3":5000,
          "4":5000,
          "5":5000,
          "6":5000,
          "7":5000,
          "8":5000,
          "9":5000
        }
      ],
      "acc_record":{
        "0":0.1184118412
      }
    },
    {
      "statistic":[
        {
          "0":5000,
          "1":5000,
          "2":5000,
          "3":5000,
          "4":5000,
          "5":5000,
          "6":5000,
          "7":5000,
          "8":5000,
          "9":4999
        }
      ],
      "acc_record":{
        "0":0.5137513751
      }
    },
    {
      "statistic":[
        {
          "0":4999,
          "1":5000,
          "2":4999,
          "3":5000,
          "4":5000,
          "5":5000,
          "6":5000,
          "7":5000,
          "8":5000,
          "9":5000
        }
      ],
      "acc_record":{
        "0":0.5265053011
      }
    }
  ],
  "best_acc":[
    0.1184118412,
    0.5137513751,
    0.5265053011
  ],
  "upload":[
    0,
    244624,
    244624
  ],
  "download":[
    0,
    244624,
    244624
  ],
  "allTime":[
    0.8221268654,
    13.7747612,
    13.6336364746
  ],
  "iterationTime":[
    0.8221268654,
    13.7747612,
    13.6336364746
  ],
  "config":{
    "dataset":"cifar10",
    "distribution":"dirichlet",
    "alpha":0.1,
    "server":{
      "global_rounds":1,
      "lowest_join_rate":0.6,
      "learning_rate":0.01
    },
    "client":{
      "num_clients":1,
      "num_classes_per_client":2,
      "batch_size":64,
      "learning_rate":0.01,
      "local_epochs":2
    }
  },
  "mean":0.3862228391,
  "stdvar":0.0358884757,
  "uploadMean":"159.26 KB",
  "downloadMean":"159.26 KB",
  "allTimeMean":9.4101748466,
  "iterationTimeMean":9.4101748466,
  "model":"LeNet5"
}